{"cameraMode":{"drawMode":0,"name":"Shaded","section":"Shading Mode"},"sceneLighting":true,"audioPlay":false,"sceneViewState":{"showFog":true,"showMaterialUpdate":false,"showSkybox":true,"showFlares":true,"showImageEffects":true,"showParticleSystems":true},"in2DMode":false,"pivot":{"x":-0.289306640625,"y":0.2742919921875,"z":3.833740234375},"rotation":{"x":0.034087296575307849,"y":0.8230808973312378,"z":-0.04934249073266983,"w":0.5649091601371765},"size":1.9207427501678467,"orthographic":true}