{"cameraMode":{"drawMode":0,"name":"Shaded","section":"Shading Mode"},"sceneLighting":false,"audioPlay":false,"sceneViewState":{"showFog":true,"showMaterialUpdate":false,"showSkybox":false,"showFlares":true,"showImageEffects":true,"showParticleSystems":true},"in2DMode":false,"pivot":{"x":-0.19488525390625,"y":0.256378173828125,"z":0.0804443359375},"rotation":{"x":0.09951327741146088,"y":-0.34972572326660159,"z":0.037378549575805667,"w":0.9308228492736816},"size":2.509124994277954,"orthographic":true}