{"cameraMode":{"drawMode":0,"name":"Shaded","section":"Shading Mode"},"sceneLighting":false,"audioPlay":false,"sceneViewState":{"showFog":true,"showMaterialUpdate":false,"showSkybox":false,"showFlares":true,"showImageEffects":true,"showParticleSystems":true},"in2DMode":false,"pivot":{"x":-0.4084432125091553,"y":0.2815263271331787,"z":1.8044054508209229},"rotation":{"x":0.07480914145708084,"y":-0.37977170944213869,"z":0.030827969312667848,"w":0.921539843082428},"size":1.436140537261963,"orthographic":false}