{"cameraMode":{"drawMode":0,"name":"Shaded","section":"Shading Mode"},"sceneLighting":false,"audioPlay":false,"sceneViewState":{"showFog":true,"showMaterialUpdate":false,"showSkybox":false,"showFlares":true,"showImageEffects":true,"showParticleSystems":true},"in2DMode":false,"pivot":{"x":1.237945556640625,"y":0.39286231994628909,"z":-1.561767578125},"rotation":{"x":-0.00033477312535978854,"y":0.9938884377479553,"z":0.0029805516824126245,"w":0.11046852171421051},"size":1.1850287914276124,"orthographic":true}