{"cameraMode":{"drawMode":0,"name":"Shaded","section":"Shading Mode"},"sceneLighting":true,"audioPlay":false,"sceneViewState":{"showFog":true,"showMaterialUpdate":false,"showSkybox":false,"showFlares":true,"showImageEffects":true,"showParticleSystems":true},"in2DMode":false,"pivot":{"x":0.514495849609375,"y":0.3338623046875,"z":3.43939208984375},"rotation":{"x":-0.14387992024421693,"y":-0.8459187746047974,"z":0.4275738596916199,"w":-0.28465425968170168},"size":0.4261522591114044,"orthographic":true}